[
  {
    "id": "wooden_chest",
    "name": "Wooden Chest",
    "description": "A weathered wooden chest with iron bindings",
    "glyph": "□",
    "color": "brown",
    "capacity": 8,
    "loot_table": "basic",
    "locked": false,
    "key_required": null
  },
  {
    "id": "metal_strongbox",
    "name": "Metal Strongbox",
    "description": "A reinforced metal container with a complex lock",
    "glyph": "■",
    "color": "gray",
    "capacity": 6,
    "loot_table": "valuable",
    "locked": true,
    "key_required": "metal_key"
  },
  {
    "id": "glass_cache",
    "name": "Glass Cache",
    "description": "A crystalline storage vessel that refracts light",
    "glyph": "◊",
    "color": "cyan",
    "capacity": 4,
    "loot_table": "glass_items",
    "locked": false,
    "key_required": null
  },
  {
    "id": "archive_container",
    "name": "Archive Container",
    "description": "A pre-storm data storage unit with biometric locks",
    "glyph": "▣",
    "color": "blue",
    "capacity": 10,
    "loot_table": "archive_tech",
    "locked": true,
    "key_required": "saint_key"
  },
  {
    "id": "supply_crate",
    "name": "Supply Crate",
    "description": "A basic storage crate for essential supplies",
    "glyph": "▢",
    "color": "yellow",
    "capacity": 12,
    "loot_table": "supplies",
    "locked": false,
    "key_required": null
  }
]
