{
  "particles": {
    "sparkles": {
      "enabled": true,
      "spawn_rate": 2.0,
      "lifetime": 1.0,
      "colors": ["White", "Yellow", "Cyan"],
      "characters": ["*", "✦", "✧", "◆"],
      "intensity": 1.0
    },
    "glow": {
      "enabled": true,
      "pulse_speed": 0.1,
      "min_brightness": 0.3,
      "max_brightness": 1.0,
      "colors": ["Yellow", "White"]
    },
    "float": {
      "enabled": true,
      "velocity_range": [0.5, 2.0],
      "lifetime": 3.0,
      "gravity": 0.1,
      "characters": ["°", "·", "˚"]
    },
    "drift": {
      "enabled": true,
      "wind_strength": 0.5,
      "turbulence": 0.1,
      "fade_rate": 0.2
    },
    "pulse": {
      "enabled": true,
      "frequency": 0.2,
      "amplitude": 0.3,
      "wave_type": "sine"
    },
    "shimmer": {
      "enabled": true,
      "speed": 0.05,
      "color_cycle": ["Cyan", "LightCyan", "White"],
      "intensity_variation": 0.2
    }
  },
  "animations": {
    "blink": {
      "duration_ms": 500,
      "on_color": "White",
      "off_color": "DarkGray"
    },
    "glow": {
      "cycle_duration_ms": 1000,
      "base_color": "Yellow",
      "glow_color": "LightYellow",
      "intensity_steps": 5
    },
    "screen_shake": {
      "duration_ms": 200,
      "intensity": 2,
      "frequency_hz": 20.0
    }
  },
  "themes": {
    "themes": {
      "classic": {
        "name": "Classic",
        "description": "Traditional roguelike colors",
        "colors": {
          "entities": {
            "player": "Yellow",
            "enemies": "Red",
            "npcs": "Green",
            "items": "LightMagenta"
          },
          "tiles": {
            "floor": "DarkGray",
            "wall": "Gray",
            "glass": "Cyan",
            "stairs": "Yellow",
            "world_exit": "Green"
          },
          "lighting": {
            "torch": "Yellow",
            "ambient": "DarkGray"
          },
          "ui": {
            "revealed_tile": "DarkGray",
            "look_cursor_bg": "White",
            "look_cursor_fg": "Black",
            "hit_flash_bg": "Red",
            "hit_flash_fg": "White"
          }
        }
      }
    },
    "active_theme": "classic"
  },
  "procedural": {
    "weather": {
      "rain": {
        "enabled": false,
        "intensity": 0.3,
        "speed": 2.0,
        "characters": ["|", "\\", "/"],
        "colors": ["Blue", "LightBlue"]
      },
      "snow": {
        "enabled": false,
        "intensity": 0.2,
        "speed": 1.0,
        "characters": ["*", "·", "°"],
        "colors": ["White", "LightGray"]
      },
      "dust": {
        "enabled": true,
        "intensity": 0.1,
        "speed": 0.5,
        "characters": ["·", "˚", "°"],
        "colors": ["DarkGray", "Gray"]
      }
    },
    "ambient_lighting": {
      "enabled": true,
      "variation_speed": 0.02,
      "variation_intensity": 0.15,
      "base_level": 20
    },
    "atmospheric": {
      "heat_shimmer": true,
      "dust_motes": true,
      "light_rays": false
    }
  },
  "global": {
    "enabled": true,
    "performance_mode": "Balanced",
    "quality_level": "Standard",
    "max_effects": 100
  }
}
