{
  "items": [
    {
      "id": "storm_glass",
      "name": "Storm Glass",
      "glyph": "◆",
      "description": "Crystallized storm energy, valuable for trade",
      "value": 25,
      "weight": 1,
      "usable": false,
      "effects": [{ "condition": "on_pickup", "effect": "S(@3 &Cyan &LightCyan)" }]
    },
    {
      "id": "scripture_shard",
      "name": "Scripture Shard",
      "glyph": "?",
      "description": "Fragment of ancient religious text",
      "value": 15,
      "weight": 0,
      "usable": false,
      "hidden_properties": ["value"],
      "effects": [{ "condition": "on_pickup", "effect": "F(@16 &Yellow)" }]
    },
    {
      "id": "brine_vial",
      "name": "Brine Vial",
      "glyph": "!",
      "description": "Salty healing draught",
      "value": 10,
      "weight": 1,
      "usable": true,
      "heal": 5,
      "effects": [
        { "condition": "on_pickup", "effect": "B(@4 &Green)" },
        { "condition": "on_use", "effect": "P(@6 &Green)" }
      ]
    },
    {
      "id": "saint_key",
      "name": "Saint-Key",
      "glyph": "⚷",
      "description": "Opens Archive doors",
      "value": 50,
      "weight": 1,
      "usable": false,
      "effects": [{ "condition": "on_pickup", "effect": "P(@8 &LightBlue)" }]
    },
    {
      "id": "angle_lens",
      "name": "Angle-Split Lens",
      "glyph": "◎",
      "description": "Reveals hidden paths when used",
      "value": 100,
      "weight": 1,
      "usable": true,
      "reveals_map": true,
      "effects": [
        { "condition": "on_pickup", "effect": "S(@3 &Magenta &LightMagenta)" },
        { "condition": "on_use", "effect": "W(@4 &White)" }
      ]
    },
    {
      "id": "salt_poultice",
      "name": "Salt Poultice",
      "glyph": "+",
      "description": "Crystallized salve that seals wounds with brine",
      "value": 15,
      "weight": 1,
      "usable": true,
      "heal": 8,
      "effects": [
        { "condition": "on_pickup", "effect": "B(@4 &Green)" },
        { "condition": "on_use", "effect": "P(@4 &LightGreen)" }
      ]
    },
    {
      "id": "veil_tincture",
      "name": "Veil Tincture",
      "glyph": "!",
      "description": "Dulls refraction glow—adaptations hidden briefly",
      "value": 40,
      "weight": 1,
      "usable": true,
      "suppresses_adaptations": true,
      "effects": [
        { "condition": "on_pickup", "effect": "B(@4 &DarkGray)" },
        { "condition": "on_use", "effect": "F(@12 &DarkGray)" }
      ]
    },
    {
      "id": "glass_pick",
      "name": "Glass Pick",
      "glyph": "/",
      "description": "Vitrified tool for breaking walls and glass seams",
      "value": 30,
      "weight": 2,
      "usable": true,
      "breaks_walls": true,
      "effects": [{ "condition": "on_pickup", "effect": "S(@4 &Cyan &White)" }]
    },
    {
      "id": "storm_compass",
      "name": "Storm Compass",
      "glyph": "⊕",
      "description": "Needle trembles toward the next storm's origin",
      "value": 60,
      "weight": 1,
      "usable": true,
      "reveals_storm_path": true,
      "effects": [
        { "condition": "on_pickup", "effect": "B(@3 &Yellow)" },
        { "condition": "on_use", "effect": "W(@6 &LightYellow)" }
      ]
    },
    {
      "id": "saints_tear",
      "name": "Saint's Tear",
      "glyph": "○",
      "description": "Vitrified droplet from a machine-saint's eye",
      "value": 75,
      "weight": 0,
      "usable": true,
      "heal": 15,
      "reduces_refraction": 10,
      "effects": [
        { "condition": "on_pickup", "effect": "P(@8 &White)" },
        { "condition": "on_use", "effect": "F(@20 &White)" }
      ]
    },
    {
      "id": "brine_shot",
      "name": "Brine Shot",
      "glyph": "•",
      "description": "Pressurized salt water cartridge",
      "value": 5,
      "weight": 0,
      "usable": false
    },
    {
      "id": "glass_arrow",
      "name": "Glass Arrow",
      "glyph": "→",
      "description": "Glass-tipped arrow for storm bows",
      "value": 3,
      "weight": 0,
      "usable": false
    },
    {
      "id": "health_potion",
      "name": "Health Potion",
      "glyph": "!",
      "description": "Potent healing brew",
      "value": 25,
      "weight": 1,
      "usable": true,
      "heal": 12,
      "effects": [{ "condition": "on_use", "effect": "P(@4 &LightGreen)" }]
    },
    {
      "id": "salt_bomb",
      "name": "Salt Bomb",
      "glyph": "*",
      "description": "Explosive salt device",
      "value": 40,
      "weight": 2,
      "usable": true,
      "damage_area": 3,
      "effects": [{ "condition": "on_use", "effect": "W(@2 &White)" }]
    },
    {
      "id": "salt_crystal",
      "name": "Salt Crystal",
      "glyph": "◇",
      "description": "Raw crystallized salt, useful for crafting",
      "value": 5,
      "weight": 1,
      "usable": false
    },
    {
      "id": "wall_torch",
      "name": "Wall Torch",
      "glyph": "†",
      "description": "A flickering torch mounted on the wall",
      "pickup": false,
      "light_source": { "radius": 6, "intensity": 120 }
    },
    {
      "id": "hand_torch",
      "name": "Hand Torch",
      "glyph": "†",
      "description": "A portable torch that illuminates your surroundings",
      "value": 15,
      "weight": 1,
      "usable": false,
      "equip_slot": "accessory",
      "light_source": { "radius": 12, "intensity": 80 }
    },
    {
      "id": "salted_meat",
      "name": "Salted Meat",
      "glyph": "%",
      "description": "Preserved meat, restores some health",
      "value": 8,
      "weight": 1,
      "usable": true,
      "heal": 3
    },
    {
      "id": "rusted_gear",
      "name": "Rusted Gear",
      "glyph": "*",
      "description": "Old mechanical part, might be useful",
      "value": 12,
      "weight": 2,
      "usable": false
    },
    {
      "id": "rags",
      "name": "Rags",
      "glyph": "~",
      "description": "Tattered cloth scraps",
      "value": 2,
      "weight": 0,
      "usable": false
    },
    {
      "id": "salt_vest",
      "name": "Salt Vest",
      "glyph": "[",
      "description": "Crystallized salt armor, light but protective",
      "value": 50,
      "weight": 3,
      "usable": false,
      "armor_value": 3,
      "equip_slot": "jacket"
    },
    {
      "id": "storm_boots",
      "name": "Storm Boots",
      "glyph": "]",
      "description": "Glass-soled boots that resist storm damage",
      "value": 45,
      "weight": 2,
      "usable": false,
      "armor_value": 1,
      "equip_slot": "boots"
    },
    {
      "id": "brine_gloves",
      "name": "Brine Gloves",
      "glyph": "]",
      "description": "Salt-treated gloves for handling dangerous materials",
      "value": 30,
      "weight": 1,
      "usable": false,
      "armor_value": 1,
      "equip_slot": "gloves"
    },
    {
      "id": "pilgrim_pack",
      "name": "Pilgrim Pack",
      "glyph": "∩",
      "description": "Sturdy backpack for long journeys",
      "value": 35,
      "weight": 1,
      "usable": false,
      "equip_slot": "backpack"
    },
    {
      "id": "salt_amulet",
      "name": "Salt Amulet",
      "glyph": "☼",
      "description": "Protective charm blessed by salt-priests",
      "value": 55,
      "weight": 0,
      "usable": false,
      "armor_value": 1,
      "equip_slot": "necklace"
    },
    {
      "id": "glass_dagger",
      "name": "Glass Dagger",
      "glyph": "/",
      "description": "Sharp but fragile blade of storm glass",
      "value": 20,
      "weight": 1,
      "usable": false,
      "equip_slot": "weapon"
    },
    {
      "id": "crystal_shield",
      "name": "Crystal Shield",
      "glyph": "O",
      "description": "Refractive shield that deflects light attacks",
      "value": 60,
      "weight": 4,
      "usable": false,
      "armor_value": 2,
      "equip_slot": "accessory"
    },
    {
      "id": "iron_helm",
      "name": "Iron Helm",
      "glyph": "^",
      "description": "Heavy iron helmet, good protection",
      "value": 40,
      "weight": 3,
      "usable": false,
      "armor_value": 2,
      "equip_slot": "head"
    },
    {
      "id": "glass_helm",
      "name": "Glass Helm",
      "glyph": "^",
      "description": "Transparent crystalline headgear",
      "value": 65,
      "weight": 2,
      "usable": false,
      "armor_value": 3,
      "equip_slot": "head"
    },
    {
      "id": "leather_cap",
      "name": "Leather Cap",
      "glyph": "^",
      "description": "Simple leather head protection",
      "value": 15,
      "weight": 1,
      "usable": false,
      "armor_value": 1,
      "equip_slot": "head"
    },
    {
      "id": "chain_vest",
      "name": "Chain Vest",
      "glyph": "[",
      "description": "Interlocking metal rings for protection",
      "value": 70,
      "weight": 5,
      "usable": false,
      "armor_value": 4,
      "equip_slot": "jacket"
    },
    {
      "id": "leather_jacket",
      "name": "Leather Jacket",
      "glyph": "[",
      "description": "Tough leather body armor",
      "value": 30,
      "weight": 2,
      "usable": false,
      "armor_value": 2,
      "equip_slot": "jacket"
    },
    {
      "id": "glass_plate",
      "name": "Glass Plate",
      "glyph": "[",
      "description": "Heavy crystalline armor, maximum protection",
      "value": 120,
      "weight": 8,
      "usable": false,
      "armor_value": 6,
      "equip_slot": "jacket"
    },
    {
      "id": "iron_boots",
      "name": "Iron Boots",
      "glyph": "]",
      "description": "Heavy metal footwear",
      "value": 35,
      "weight": 3,
      "usable": false,
      "armor_value": 2,
      "equip_slot": "boots"
    },
    {
      "id": "leather_boots",
      "name": "Leather Boots",
      "glyph": "]",
      "description": "Comfortable walking boots",
      "value": 20,
      "weight": 1,
      "usable": false,
      "armor_value": 1,
      "equip_slot": "boots"
    },
    {
      "id": "iron_gauntlets",
      "name": "Iron Gauntlets",
      "glyph": "]",
      "description": "Metal hand protection",
      "value": 40,
      "weight": 2,
      "usable": false,
      "armor_value": 2,
      "equip_slot": "gloves"
    },
    {
      "id": "glass_gauntlets",
      "name": "Glass Gauntlets",
      "glyph": "]",
      "description": "Crystalline hand armor",
      "value": 55,
      "weight": 2,
      "usable": false,
      "armor_value": 3,
      "equip_slot": "gloves"
    },
    {
      "id": "storm_cloak",
      "name": "Storm Cloak",
      "glyph": "(",
      "description": "Flowing cloak that resists storm winds",
      "value": 80,
      "weight": 1,
      "usable": false,
      "armor_value": 1,
      "equip_slot": "accessory"
    },
    {
      "id": "refraction_ring",
      "name": "Refraction Ring",
      "glyph": "o",
      "description": "Ring that bends light around the wearer",
      "value": 90,
      "weight": 0,
      "usable": false,
      "equip_slot": "accessory",
      "effects": [{ "condition": "on_equip", "effect": "W(@10 &White)" }]
    },
    {
      "id": "travelers_pack",
      "name": "Traveler's Pack",
      "glyph": "∩",
      "description": "Large backpack for extended journeys",
      "value": 50,
      "weight": 2,
      "usable": false,
      "equip_slot": "backpack"
    },
    {
      "id": "crystal_pendant",
      "name": "Crystal Pendant",
      "glyph": "☼",
      "description": "Glowing crystal on a chain",
      "value": 45,
      "weight": 0,
      "usable": false,
      "armor_value": 1,
      "equip_slot": "necklace",
      "light_source": { "radius": 4, "intensity": 80 },
      "effects": [{ "condition": "on_equip", "effect": "F(@16 &LightBlue)" }]
    },
    {
      "id": "salt_knife",
      "name": "Salt Knife",
      "glyph": "/",
      "description": "Crystallized blade that never dulls",
      "value": 25,
      "weight": 1,
      "usable": false,
      "equip_slot": "weapon"
    },
    {
      "id": "glass_shard",
      "name": "Glass Shard",
      "glyph": "▲",
      "description": "Jagged storm glass, cuts both ways",
      "value": 15,
      "weight": 1,
      "usable": false,
      "equip_slot": "weapon"
    },
    {
      "id": "rusty_blade",
      "name": "Rusty Blade",
      "glyph": "/",
      "description": "Old corroded sword, still sharp",
      "value": 20,
      "weight": 2,
      "usable": false,
      "equip_slot": "weapon"
    },
    {
      "id": "brine_pistol",
      "name": "Brine Pistol",
      "glyph": "┘",
      "description": "Fires pressurized salt water",
      "value": 60,
      "weight": 2,
      "usable": false,
      "equip_slot": "ranged_weapon"
    },
    {
      "id": "storm_bow",
      "name": "Storm Bow",
      "glyph": ")",
      "description": "Launches glass-tipped arrows",
      "value": 50,
      "weight": 2,
      "usable": false,
      "equip_slot": "ranged_weapon"
    },
    {
      "id": "beetle_carapace",
      "name": "Beetle Carapace",
      "glyph": "◐",
      "description": "Curved shell from a glass beetle, useful for crafting",
      "value": 18,
      "weight": 2,
      "usable": false
    },
    {
      "id": "wraith_essence",
      "name": "Wraith Essence",
      "glyph": "~",
      "description": "Ghostly residue that phases through solid matter",
      "value": 35,
      "weight": 0,
      "usable": false
    },
    {
      "id": "prism_lens",
      "name": "Prism Lens",
      "glyph": "◎",
      "description": "Splits light into rainbow patterns, confuses enemies",
      "value": 45,
      "weight": 1,
      "usable": true,
      "confuses_enemies": true,
      "effects": [{ "condition": "on_use", "effect": "R(@4 &Red &Yellow &Green &Cyan &Blue &Magenta)" }]
    },
    {
      "id": "salt_scrip",
      "name": "Salt Scrip",
      "glyph": "$",
      "description": "Crystallized currency of the steppe settlements",
      "value": 1,
      "weight": 0,
      "usable": false,
      "stackable": true
    },
    {
      "id": "mirror_shard",
      "name": "Mirror Shard",
      "glyph": "◊",
      "description": "Reflective fragment from a monk's meditation mirror",
      "value": 22,
      "weight": 1,
      "usable": false
    },
    {
      "id": "brine_concentrate",
      "name": "Brine Concentrate",
      "glyph": "!",
      "description": "Potent salt solution that burns wounds clean",
      "value": 20,
      "weight": 1,
      "usable": true,
      "heal": 12,
      "causes_pain": true,
      "effects": [{ "condition": "on_use", "effect": "P(@2 &Red)" }]
    },
    {
      "id": "storm_chart",
      "name": "Storm Chart",
      "glyph": "≡",
      "description": "Weather patterns scrawled on glass parchment",
      "value": 40,
      "weight": 0,
      "usable": true,
      "reveals_storm_timing": true
    },
    {
      "id": "pilgrim_journal",
      "name": "Pilgrim Journal",
      "glyph": "≡",
      "description": "Diary of a lost traveler, contains route information",
      "value": 25,
      "weight": 1,
      "usable": true,
      "reveals_locations": true
    },
    {
      "id": "glass_dust",
      "name": "Glass Dust",
      "glyph": "·",
      "description": "Fine powder that sparkles in the light",
      "value": 8,
      "weight": 0,
      "usable": false,
      "stackable": true
    },
    {
      "id": "refraction_oil",
      "name": "Refraction Oil",
      "glyph": "!",
      "description": "Slick substance that bends light around objects",
      "value": 30,
      "weight": 1,
      "usable": true,
      "grants_invisibility": true,
      "effects": [{ "condition": "on_use", "effect": "F(@16 &DarkGray)" }]
    },
    {
      "id": "archive_key_fragment",
      "name": "Archive Key Fragment",
      "glyph": "⚷",
      "description": "Broken piece of a saint-key, might be repairable",
      "value": 35,
      "weight": 1,
      "usable": false
    },
    {
      "id": "crystalline_water",
      "name": "Crystalline Water",
      "glyph": "!",
      "description": "Pure water that has been touched by storm glass",
      "value": 15,
      "weight": 1,
      "usable": true,
      "heal": 6,
      "reduces_refraction": 2,
      "effects": [{ "condition": "on_use", "effect": "S(@6 &LightBlue &Cyan)" }]
    },
    {
      "id": "monk_scripture",
      "name": "Monk Scripture",
      "glyph": "≡",
      "description": "Religious text about storm interpretation",
      "value": 28,
      "weight": 1,
      "usable": false,
      "faction_item": "MirrorMonks"
    },
    {
      "id": "engineer_blueprint",
      "name": "Engineer Blueprint",
      "glyph": "≡",
      "description": "Technical diagrams for storm-resistant structures",
      "value": 32,
      "weight": 1,
      "usable": false,
      "faction_item": "SandEngineers"
    },
    {
      "id": "glassborn_relic",
      "name": "Glassborn Relic",
      "glyph": "◊",
      "description": "Artifact from the first transformed ones",
      "value": 55,
      "weight": 1,
      "usable": false,
      "faction_item": "Glassborn"
    },
    {
      "id": "storm_lantern",
      "name": "Storm Lantern",
      "glyph": "☼",
      "description": "Lamp that burns brighter during glass storms",
      "value": 65,
      "weight": 2,
      "usable": false,
      "equip_slot": "accessory",
      "light_source": { "radius": 8, "intensity": 150 },
      "storm_enhanced": true,
      "effects": [{ "condition": "on_equip", "effect": "P(@12 &Yellow)" }]
    },
    {
      "id": "salt_rations",
      "name": "Salt Rations",
      "glyph": "%",
      "description": "Preserved food that lasts indefinitely",
      "value": 12,
      "weight": 1,
      "usable": true,
      "heal": 4,
      "stackable": true
    },
    {
      "id": "glass_needle",
      "name": "Glass Needle",
      "glyph": "|",
      "description": "Surgical tool for removing glass shards",
      "value": 18,
      "weight": 0,
      "usable": true,
      "removes_glass_wounds": true
    },
    {
      "id": "storm_cloak_fragment",
      "name": "Storm Cloak Fragment",
      "glyph": "~",
      "description": "Torn piece of weather-resistant fabric",
      "value": 15,
      "weight": 1,
      "usable": false
    },
    {
      "id": "hermit_salve",
      "name": "Hermit Salve",
      "glyph": "+",
      "description": "Healing paste made from rare desert plants",
      "value": 25,
      "weight": 1,
      "usable": true,
      "heal": 10,
      "cures_poison": true,
      "effects": [{ "condition": "on_use", "effect": "P(@6 &Green)" }]
    },
    {
      "id": "archive_data_crystal",
      "name": "Archive Data Crystal",
      "glyph": "◆",
      "description": "Information storage device from the old world",
      "value": 80,
      "weight": 1,
      "usable": true,
      "reveals_lore": true,
      "effects": [{ "condition": "on_use", "effect": "W(@8 &LightBlue)" }]
    },
    {
      "id": "refraction_detector",
      "name": "Refraction Detector",
      "glyph": "⊕",
      "description": "Device that measures adaptation levels in living beings",
      "value": 70,
      "weight": 2,
      "usable": true,
      "detects_adaptations": true
    },
    {
      "id": "glass_thread",
      "name": "Glass Thread",
      "glyph": "~",
      "description": "Impossibly thin strands of spun glass",
      "value": 12,
      "weight": 0,
      "usable": false,
      "stackable": true
    },
    {
      "id": "storm_seed",
      "name": "Storm Seed",
      "glyph": "•",
      "description": "Crystalline core that might grow into storm glass",
      "value": 45,
      "weight": 1,
      "usable": false,
      "grows_over_time": true
    },
    {
      "id": "pilgrim_boots",
      "name": "Pilgrim Boots",
      "glyph": "]",
      "description": "Well-worn boots that have walked many miles",
      "value": 25,
      "weight": 2,
      "usable": false,
      "armor_value": 1,
      "equip_slot": "boots",
      "movement_bonus": 1
    },
    {
      "id": "glass_mail",
      "name": "Glass Mail",
      "glyph": "[",
      "description": "Armor made from interlocking glass scales",
      "value": 95,
      "weight": 6,
      "usable": false,
      "armor_value": 5,
      "equip_slot": "jacket",
      "reflects_light": true,
      "effects": [{ "condition": "on_equip", "effect": "S(@8 &Cyan &LightCyan)" }]
    },
    {
      "id": "monk_robes",
      "name": "Monk Robes",
      "glyph": "[",
      "description": "Ceremonial garments embedded with mirror fragments",
      "value": 60,
      "weight": 2,
      "usable": false,
      "armor_value": 2,
      "equip_slot": "jacket",
      "faction_item": "MirrorMonks"
    },
    {
      "id": "engineer_goggles",
      "name": "Engineer Goggles",
      "glyph": "^",
      "description": "Protective eyewear with multiple lenses",
      "value": 40,
      "weight": 1,
      "usable": false,
      "armor_value": 1,
      "equip_slot": "head",
      "faction_item": "SandEngineers",
      "protects_from_glare": true
    },
    {
      "id": "glassborn_mask",
      "name": "Glassborn Mask",
      "glyph": "^",
      "description": "Crystalline face covering that filters light",
      "value": 75,
      "weight": 2,
      "usable": false,
      "armor_value": 3,
      "equip_slot": "head",
      "faction_item": "Glassborn"
    },
    {
      "id": "storm_resistant_cloak",
      "name": "Storm-Resistant Cloak",
      "glyph": "(",
      "description": "Heavy cloak that deflects glass shards",
      "value": 85,
      "weight": 3,
      "usable": false,
      "armor_value": 2,
      "equip_slot": "accessory",
      "storm_protection": 3
    },
    {
      "id": "hermit_staff",
      "name": "Hermit Staff",
      "glyph": "|",
      "description": "Walking stick topped with a salt crystal",
      "value": 35,
      "weight": 3,
      "usable": false,
      "equip_slot": "weapon",
      "light_source": { "radius": 3, "intensity": 60 }
    },
    {
      "id": "glass_spear",
      "name": "Glass Spear",
      "glyph": "/",
      "description": "Long weapon with a crystalline point",
      "value": 40,
      "weight": 3,
      "usable": false,
      "equip_slot": "weapon",
      "reach": 2
    },
    {
      "id": "salt_mace",
      "name": "Salt Mace",
      "glyph": "/",
      "description": "Blunt weapon with a crystallized head",
      "value": 35,
      "weight": 4,
      "usable": false,
      "equip_slot": "weapon",
      "armor_piercing": 2
    },
    {
      "id": "refraction_blade",
      "name": "Refraction Blade",
      "glyph": "/",
      "description": "Sword that bends light along its edge",
      "value": 90,
      "weight": 2,
      "usable": false,
      "equip_slot": "weapon",
      "light_damage": true,
      "effects": [{ "condition": "on_hit", "effect": "W(@2 &White)" }]
    },
    {
      "id": "storm_crossbow",
      "name": "Storm Crossbow",
      "glyph": ")",
      "description": "Mechanical weapon that fires glass bolts",
      "value": 75,
      "weight": 4,
      "usable": false,
      "equip_slot": "ranged_weapon",
      "armor_piercing": 1
    },
    {
      "id": "glass_bolt",
      "name": "Glass Bolt",
      "glyph": "→",
      "description": "Crossbow ammunition made of sharp glass",
      "value": 4,
      "weight": 0,
      "usable": false,
      "stackable": true
    },
    {
      "id": "archive_scanner",
      "name": "Archive Scanner",
      "glyph": "⊕",
      "description": "Device that identifies pre-storm technology",
      "value": 120,
      "weight": 2,
      "usable": true,
      "identifies_artifacts": true,
      "faction_item": "Archive"
    },
    {
      "id": "meditation_crystal",
      "name": "Meditation Crystal",
      "glyph": "◆",
      "description": "Focus stone used by monks for contemplation",
      "value": 50,
      "weight": 1,
      "usable": true,
      "restores_sanity": 5,
      "faction_item": "MirrorMonks"
    },
    {
      "id": "repair_kit",
      "name": "Repair Kit",
      "glyph": "∩",
      "description": "Tools and materials for fixing equipment",
      "value": 45,
      "weight": 2,
      "usable": true,
      "repairs_equipment": true,
      "faction_item": "SandEngineers"
    },
    {
      "id": "quantum_resonator",
      "name": "Quantum Resonator",
      "glyph": "◎",
      "description": "Dr. Thorne's device for measuring quantum coherence",
      "value": 150,
      "weight": 2,
      "usable": true,
      "detects_quantum_fields": true,
      "reveals_adaptation_potential": true,
      "effects": [{ "condition": "on_use", "effect": "P(@6 &LightBlue)" }]
    },
    {
      "id": "synthesis_manual",
      "name": "Synthesis Manual",
      "glyph": "≡",
      "description": "Saint Matthias's guide to balanced transformation",
      "value": 80,
      "weight": 1,
      "usable": true,
      "faction_item": "SynthesisSeekers",
      "grants_adaptation_control": true,
      "effects": [{ "condition": "on_use", "effect": "R(@8 &Magenta &LightMagenta)" }]
    },
    {
      "id": "null_field_generator",
      "name": "Null Field Generator",
      "glyph": "⊗",
      "description": "Iron Covenant device that disrupts quantum coherence",
      "value": 200,
      "weight": 4,
      "usable": true,
      "faction_item": "IronCovenant",
      "suppresses_psychic_abilities": true,
      "damages_adapted": true,
      "effects": [{ "condition": "on_use", "effect": "W(@4 &Red)" }]
    },
    {
      "id": "ascension_catalyst",
      "name": "Ascension Catalyst",
      "glyph": "◆",
      "description": "Glass Prophet serum that accelerates transformation",
      "value": 300,
      "weight": 1,
      "usable": true,
      "faction_item": "GlassProphets",
      "forces_adaptation": true,
      "dangerous": true,
      "effects": [{ "condition": "on_use", "effect": "P(@1 &LightCyan)" }]
    },
    {
      "id": "memory_crystal",
      "name": "Memory Crystal",
      "glyph": "◊",
      "description": "Wandering Court artifact preserving pre-storm culture",
      "value": 120,
      "weight": 1,
      "usable": true,
      "faction_item": "WanderingCourt",
      "reveals_lore": true,
      "restores_humanity": true,
      "effects": [{ "condition": "on_use", "effect": "F(@20 &LightYellow)" }]
    },
    {
      "id": "aria_interface",
      "name": "ARIA Interface",
      "glyph": "⊕",
      "description": "Direct communication device with the Archive Consciousness",
      "value": 500,
      "weight": 3,
      "usable": true,
      "consumable": false,
      "faction_item": "Archive",
      "enables_aria_dialogue": true,
      "requires_saint_key": true,
      "effects": [{ "condition": "on_use", "effect": "W(@8 &Blue)" }]
    },
    {
      "id": "quantum_stabilizer",
      "name": "Quantum Stabilizer",
      "glyph": "⊕",
      "description": "Prevents quantum psychosis and adaptation overload",
      "value": 180,
      "weight": 2,
      "usable": true,
      "prevents_quantum_psychosis": true,
      "stabilizes_consciousness": true,
      "effects": [{ "condition": "on_use", "effect": "P(@8 &Green)" }]
    },
    {
      "id": "heliograph_fragment",
      "name": "Heliograph Fragment",
      "glyph": "◊",
      "description": "Piece of the orbital array, pulses with residual energy",
      "value": 400,
      "weight": 2,
      "usable": false,
      "cosmic_artifact": true,
      "attracts_cosmic_entities": true,
      "effects": [{ "condition": "on_pickup", "effect": "P(@4 &White)" }]
    },
    {
      "id": "probability_anchor",
      "name": "Probability Anchor",
      "glyph": "⚓",
      "description": "Stabilizes quantum probability states around the user",
      "value": 250,
      "weight": 3,
      "usable": true,
      "prevents_probability_backlash": true,
      "enhances_luck_abilities": true,
      "effects": [{ "condition": "on_use", "effect": "F(@12 &Yellow)" }]
    },
    {
      "id": "consciousness_backup",
      "name": "Consciousness Backup",
      "glyph": "◎",
      "description": "Archive device that stores a copy of the user's mind",
      "value": 600,
      "weight": 1,
      "usable": true,
      "creates_mind_backup": true,
      "enables_resurrection": true,
      "faction_item": "Archive",
      "effects": [{ "condition": "on_use", "effect": "W(@10 &LightBlue)" }]
    },
    {
      "id": "temporal_anchor",
      "name": "Temporal Anchor",
      "glyph": "⧗",
      "description": "Prevents temporal displacement from psychic abilities",
      "value": 220,
      "weight": 2,
      "usable": true,
      "prevents_temporal_displacement": true,
      "stabilizes_timeline": true,
      "effects": [{ "condition": "on_use", "effect": "S(@8 &Cyan &LightCyan)" }]
    }
  ]
}
