{
  "status_effects": [
    {
      "id": "poison",
      "name": "Poison",
      "description": "Toxins damage you over time",
      "max_stacks": 3,
      "tick_damage": 2,
      "blocks_healing": false,
      "reduces_accuracy": 0,
      "reduces_damage": 0,
      "grants_invisibility": false
    },
    {
      "id": "burn",
      "name": "Burn",
      "description": "Fire damages you over time",
      "max_stacks": 1,
      "tick_damage": 3,
      "blocks_healing": false,
      "reduces_accuracy": 0,
      "reduces_damage": 0,
      "grants_invisibility": false
    },
    {
      "id": "stun",
      "name": "Stun",
      "description": "Cannot act",
      "max_stacks": 1,
      "tick_damage": 0,
      "blocks_healing": false,
      "reduces_accuracy": 0,
      "reduces_damage": 0,
      "grants_invisibility": false
    },
    {
      "id": "bleed",
      "name": "Bleed",
      "description": "Losing blood",
      "max_stacks": 3,
      "tick_damage": 1,
      "blocks_healing": true,
      "reduces_accuracy": 0,
      "reduces_damage": 0,
      "grants_invisibility": false
    },
    {
      "id": "slow",
      "name": "Slow",
      "description": "Movement is impeded",
      "max_stacks": 1,
      "tick_damage": 0,
      "blocks_healing": false,
      "reduces_accuracy": 0,
      "reduces_damage": 0,
      "grants_invisibility": false
    },
    {
      "id": "blinded",
      "name": "Blinded",
      "description": "Vision is severely impaired",
      "max_stacks": 1,
      "tick_damage": 0,
      "blocks_healing": false,
      "reduces_accuracy": 50,
      "reduces_damage": 0,
      "grants_invisibility": false
    }
  ]
}
