{
  "weapons": [
    {
      "id": "fists",
      "name": "Fists",
      "glyph": "✊",
      "damage_min": 1,
      "damage_max": 3,
      "accuracy": 90,
      "range": 1,
      "ap_cost": 2,
      "description": "Your bare hands"
    },
    {
      "id": "salt_knife",
      "name": "Salt Knife",
      "glyph": "/",
      "damage_min": 2,
      "damage_max": 5,
      "accuracy": 85,
      "range": 1,
      "ap_cost": 2,
      "description": "Crystallized blade that never dulls"
    },
    {
      "id": "glass_shard",
      "name": "Glass Shard",
      "glyph": "▲",
      "damage_min": 3,
      "damage_max": 6,
      "accuracy": 75,
      "range": 1,
      "ap_cost": 2,
      "description": "Jagged storm glass, cuts both ways"
    },
    {
      "id": "pilgrim_staff",
      "name": "Pilgrim Staff",
      "glyph": "|",
      "damage_min": 2,
      "damage_max": 4,
      "accuracy": 80,
      "range": 1,
      "ap_cost": 2,
      "description": "Sturdy walking staff, good for defense"
    },
    {
      "id": "brine_pistol",
      "name": "Brine Pistol",
      "glyph": "┘",
      "damage_min": 4,
      "damage_max": 8,
      "accuracy": 70,
      "range": 6,
      "ap_cost": 3,
      "ammo_type": "brine_shot",
      "description": "Fires pressurized salt water"
    },
    {
      "id": "storm_bow",
      "name": "Storm Bow",
      "glyph": ")",
      "damage_min": 3,
      "damage_max": 7,
      "accuracy": 75,
      "range": 8,
      "ap_cost": 2,
      "ammo_type": "glass_arrow",
      "description": "Launches glass-tipped arrows"
    },
    {
      "id": "rusty_blade",
      "name": "Rusty Blade",
      "glyph": "/",
      "damage_min": 2,
      "damage_max": 4,
      "accuracy": 70,
      "range": 1,
      "ap_cost": 2,
      "description": "Old corroded sword, still sharp"
    },
    {
      "id": "crystal_mace",
      "name": "Crystal Mace",
      "glyph": "!",
      "damage_min": 4,
      "damage_max": 7,
      "accuracy": 75,
      "range": 1,
      "ap_cost": 3,
      "description": "Heavy crystalline bludgeon"
    },
    {
      "id": "salt_spear",
      "name": "Salt Spear",
      "glyph": "/",
      "damage_min": 3,
      "damage_max": 6,
      "accuracy": 80,
      "range": 2,
      "ap_cost": 2,
      "description": "Long reach salt-tipped spear"
    },
    {
      "id": "glass_cleaver",
      "name": "Glass Cleaver",
      "glyph": "\\",
      "damage_min": 5,
      "damage_max": 9,
      "accuracy": 65,
      "range": 1,
      "ap_cost": 3,
      "description": "Massive glass blade, slow but devastating"
    },
    {
      "id": "storm_hatchet",
      "name": "Storm Hatchet",
      "glyph": "P",
      "damage_min": 3,
      "damage_max": 5,
      "accuracy": 85,
      "range": 1,
      "ap_cost": 2,
      "description": "Quick throwing axe"
    },
    {
      "id": "brine_rifle",
      "name": "Brine Rifle",
      "glyph": "=",
      "damage_min": 6,
      "damage_max": 12,
      "accuracy": 80,
      "range": 10,
      "ap_cost": 4,
      "ammo_type": "brine_shot",
      "description": "Long-range salt rifle"
    },
    {
      "id": "glass_crossbow",
      "name": "Glass Crossbow",
      "glyph": "t",
      "damage_min": 5,
      "damage_max": 9,
      "accuracy": 85,
      "range": 7,
      "ap_cost": 3,
      "ammo_type": "glass_arrow",
      "description": "Precise glass-bolt launcher"
    },
    {
      "id": "sling",
      "name": "Sling",
      "glyph": "~",
      "damage_min": 2,
      "damage_max": 4,
      "accuracy": 70,
      "range": 5,
      "ap_cost": 2,
      "description": "Simple ranged weapon, uses stones"
    },
    {
      "id": "throwing_knives",
      "name": "Throwing Knives",
      "glyph": "-",
      "damage_min": 2,
      "damage_max": 5,
      "accuracy": 75,
      "range": 4,
      "ap_cost": 2,
      "description": "Set of balanced throwing blades"
    },
    {
      "id": "salt_whip",
      "name": "Salt Whip",
      "glyph": "~",
      "damage_min": 2,
      "damage_max": 4,
      "accuracy": 80,
      "range": 2,
      "ap_cost": 2,
      "description": "Flexible crystalline lash"
    },
    {
      "id": "saints_blade",
      "name": "Saint's Blade",
      "glyph": "†",
      "damage_min": 6,
      "damage_max": 10,
      "accuracy": 85,
      "range": 1,
      "ap_cost": 3,
      "description": "Holy blade blessed by machine-saints"
    },
    {
      "id": "storm_cannon",
      "name": "Storm Cannon",
      "glyph": "╦",
      "damage_min": 10,
      "damage_max": 18,
      "accuracy": 60,
      "range": 8,
      "ap_cost": 5,
      "ammo_type": "brine_shot",
      "description": "Devastating siege weapon, slow to fire"
    },
    {
      "id": "glass_rapier",
      "name": "Glass Rapier",
      "glyph": "/",
      "damage_min": 3,
      "damage_max": 7,
      "accuracy": 90,
      "range": 1,
      "ap_cost": 2,
      "description": "Elegant thrusting blade of pure glass"
    },
    {
      "id": "iron_hammer",
      "name": "Iron Hammer",
      "glyph": "T",
      "damage_min": 5,
      "damage_max": 8,
      "accuracy": 70,
      "range": 1,
      "ap_cost": 3,
      "description": "Heavy blacksmith's hammer"
    }
  ]
}
