{
  "abilities": [
    {
      "id": "mind_pulse",
      "name": "Mind Pulse",
      "category": "telepathy",
      "description": "Stun nearby enemies with a psychic blast.",
      "coherence_cost": 20,
      "cooldown": 5,
      "min_adaptation_level": 1,
      "effect": "stun_aoe"
    },
    {
      "id": "probability_shift",
      "name": "Probability Shift",
      "category": "probability",
      "description": "Force the next attack to hit.",
      "coherence_cost": 30,
      "cooldown": 10,
      "min_adaptation_level": 2,
      "effect": "guaranteed_hit"
    },
    {
      "id": "phase_step",
      "name": "Phase Step",
      "category": "phasing",
      "description": "Walk through walls for a short time.",
      "coherence_cost": 40,
      "cooldown": 20,
      "min_adaptation_level": 3,
      "effect": "phasing"
    }
  ]
}
