{
  "enemies": [
    {
      "id": "mirage_hound",
      "name": "Mirage Hound",
      "glyph": "h",
      "max_hp": 8,
      "damage_min": 1,
      "damage_max": 3,
      "sight_range": 6,
      "xp_value": 15,
      "description": "Shimmering predator that hunts by heat",
      "effects": [
        {"condition": "on_hit", "effect": "B(@2 &LightYellow)"},
        {"condition": "on_death", "effect": "B(@1 &Yellow)"}
      ]
    },
    {
      "id": "glass_beetle",
      "name": "Glass Beetle",
      "glyph": "b",
      "max_hp": 12,
      "damage_min": 1,
      "damage_max": 4,
      "sight_range": 5,
      "xp_value": 20,
      "description": "Armored insect with refractive carapace",
      "effects": [
        {"condition": "on_hit", "effect": "B(@3 &Cyan)"},
        {"condition": "on_death", "effect": "B(@1 &LightCyan)"}
      ]
    },
    {
      "id": "salt_mummy",
      "name": "Salt Mummy",
      "glyph": "m",
      "max_hp": 15,
      "damage_min": 2,
      "damage_max": 4,
      "sight_range": 4,
      "xp_value": 25,
      "description": "Desiccated pilgrim risen from the salt flats",
      "effects": [
        {"condition": "on_hit", "effect": "G(&White)"},
        {"condition": "on_death", "effect": "B(@2 &DarkGray)"}
      ]
    },
    {
      "id": "refraction_wraith",
      "name": "Refraction Wraith",
      "glyph": "◊",
      "max_hp": 6,
      "damage_min": 3,
      "damage_max": 6,
      "sight_range": 8,
      "xp_value": 30,
      "description": "Storm-born specter that phases through glass",
      "spawns_during_storm": true,
      "behaviors": [
        {"type": "reflect_damage", "percent": 25}
      ],
      "effects": [
        {"condition": "on_hit", "effect": "B(@1 &White)"},
        {"condition": "on_death", "effect": "B(@1 &LightCyan)"}
      ]
    },
    {
      "id": "shard_spider",
      "name": "Shard Spider",
      "glyph": "s",
      "max_hp": 5,
      "damage_min": 1,
      "damage_max": 2,
      "sight_range": 4,
      "xp_value": 10,
      "description": "Skitters on glass legs—attacks in swarms",
      "swarm": true,
      "behaviors": [
        {"type": "on_hit_refraction", "value": 2}
      ],
      "effects": [
        {"condition": "on_hit", "effect": "B(@2 &LightCyan)"},
        {"condition": "on_death", "effect": "B(@1 &Cyan)"}
      ]
    },
    {
      "id": "dust_wraith",
      "name": "Dust Wraith",
      "glyph": "w",
      "max_hp": 7,
      "damage_min": 2,
      "damage_max": 5,
      "sight_range": 7,
      "xp_value": 20,
      "description": "Swirling sand given malevolent form",
      "behaviors": [
        {"type": "flee_if", "condition": "player_adaptations >= 2"}
      ],
      "effects": [
        {"condition": "on_hit", "effect": "B(@2 &Yellow)"},
        {"condition": "on_death", "effect": "B(@1 &DarkGray)"}
      ]
    },
    {
      "id": "archive_drone",
      "name": "Archive Drone",
      "glyph": "Δ",
      "max_hp": 20,
      "damage_min": 4,
      "damage_max": 8,
      "sight_range": 10,
      "xp_value": 50,
      "description": "Ancient guardian—scans for valid credentials",
      "behaviors": [
        {"type": "passive_if", "condition": "player_has_item:saint_key"}
      ],
      "effects": [
        {"condition": "on_hit", "effect": "B(@1 &LightBlue)"},
        {"condition": "on_death", "effect": "B(@1 &Blue)"}
      ]
    },
    {
      "id": "salt_pilgrim",
      "name": "Salt Pilgrim",
      "glyph": "p",
      "max_hp": 10,
      "damage_min": 1,
      "damage_max": 2,
      "sight_range": 5,
      "demeanor": "neutral",
      "xp_value": 5,
      "description": "Wandering traveler, harmless unless provoked"
    },
    {
      "id": "glass_moth",
      "name": "Glass Moth",
      "glyph": "~",
      "max_hp": 4,
      "damage_min": 0,
      "damage_max": 1,
      "sight_range": 4,
      "demeanor": "pacifist",
      "xp_value": 3,
      "description": "Delicate creature that flees from danger"
    },
    {
      "id": "salt_guardian",
      "name": "Salt Guardian",
      "glyph": "G",
      "max_hp": 15,
      "damage_min": 2,
      "damage_max": 4,
      "sight_range": 6,
      "demeanor": "defensive",
      "xp_value": 25,
      "description": "Crystalline protector that retreats when wounded"
    },
    {
      "id": "salt_beetle",
      "name": "Salt Beetle",
      "glyph": "B",
      "max_hp": 6,
      "damage_min": 1,
      "damage_max": 2,
      "sight_range": 4,
      "xp_value": 8,
      "description": "Common pest that burrows in salt deposits",
      "effects": [
        {"condition": "on_death", "effect": "B(@1 &White)"}
      ]
    },
    {
      "id": "brine_lurker",
      "name": "Brine Lurker",
      "glyph": "L",
      "max_hp": 18,
      "damage_min": 3,
      "damage_max": 5,
      "sight_range": 3,
      "xp_value": 35,
      "armor": 2,
      "description": "Ambush predator that hides in salt pools",
      "effects": [
        {"condition": "on_hit", "effect": "B(@2 &Blue)"}
      ]
    },
    {
      "id": "crystal_scorpion",
      "name": "Crystal Scorpion",
      "glyph": "S",
      "max_hp": 10,
      "damage_min": 2,
      "damage_max": 4,
      "sight_range": 5,
      "xp_value": 18,
      "reflex": 3,
      "description": "Fast-striking arachnid with venomous tail",
      "effects": [
        {"condition": "on_hit", "effect": "B(@1 &Green)"}
      ]
    },
    {
      "id": "storm_elemental",
      "name": "Storm Elemental",
      "glyph": "E",
      "max_hp": 25,
      "damage_min": 4,
      "damage_max": 7,
      "sight_range": 8,
      "xp_value": 60,
      "spawns_during_storm": true,
      "description": "Manifestation of the glass storms",
      "behaviors": [
        {"type": "reflect_damage", "percent": 15}
      ],
      "effects": [
        {"condition": "on_hit", "effect": "B(@3 &LightCyan)"},
        {"condition": "on_death", "effect": "B(@2 &Cyan)"}
      ]
    },
    {
      "id": "sand_viper",
      "name": "Sand Viper",
      "glyph": "v",
      "max_hp": 7,
      "damage_min": 2,
      "damage_max": 3,
      "sight_range": 5,
      "xp_value": 12,
      "reflex": 5,
      "description": "Quick serpent that strikes from the dunes",
      "effects": [
        {"condition": "on_hit", "effect": "B(@1 &Yellow)"}
      ]
    }
  ]
}
