[
  {
    "id": "basic",
    "name": "Basic Loot",
    "description": "Common items found in basic containers",
    "min_items": 1,
    "max_items": 3,
    "entries": [
      {"item_id": "brine_vial", "weight": 30, "min_count": 1, "max_count": 2, "chance": 0.7},
      {"item_id": "salt_poultice", "weight": 25, "min_count": 1, "max_count": 1, "chance": 0.6},
      {"item_id": "storm_glass", "weight": 15, "min_count": 1, "max_count": 1, "chance": 0.4},
      {"item_id": "hand_torch", "weight": 20, "min_count": 1, "max_count": 1, "chance": 0.5},
      {"item_id": "glass_pick", "weight": 10, "min_count": 1, "max_count": 1, "chance": 0.3}
    ]
  },
  {
    "id": "valuable",
    "name": "Valuable Items",
    "description": "Rare and valuable items found in secured containers",
    "min_items": 2,
    "max_items": 4,
    "entries": [
      {"item_id": "saints_tear", "weight": 20, "min_count": 1, "max_count": 1, "chance": 0.6},
      {"item_id": "storm_glass", "weight": 30, "min_count": 2, "max_count": 4, "chance": 0.8},
      {"item_id": "scripture_shard", "weight": 25, "min_count": 1, "max_count": 2, "chance": 0.7},
      {"item_id": "saint_key", "weight": 10, "min_count": 1, "max_count": 1, "chance": 0.3},
      {"item_id": "angle_split_lens", "weight": 15, "min_count": 1, "max_count": 1, "chance": 0.4}
    ]
  },
  {
    "id": "glass_items",
    "name": "Glass Artifacts",
    "description": "Items related to glass and refraction",
    "min_items": 1,
    "max_items": 2,
    "entries": [
      {"item_id": "storm_glass", "weight": 40, "min_count": 1, "max_count": 3, "chance": 0.9},
      {"item_id": "angle_split_lens", "weight": 30, "min_count": 1, "max_count": 1, "chance": 0.6},
      {"item_id": "scripture_shard", "weight": 20, "min_count": 1, "max_count": 1, "chance": 0.5},
      {"item_id": "glass_pick", "weight": 25, "min_count": 1, "max_count": 1, "chance": 0.7}
    ]
  },
  {
    "id": "archive_tech",
    "name": "Archive Technology",
    "description": "Pre-storm technological artifacts",
    "min_items": 1,
    "max_items": 3,
    "entries": [
      {"item_id": "saint_key", "weight": 35, "min_count": 1, "max_count": 1, "chance": 0.8},
      {"item_id": "scripture_shard", "weight": 30, "min_count": 1, "max_count": 2, "chance": 0.7},
      {"item_id": "angle_split_lens", "weight": 25, "min_count": 1, "max_count": 1, "chance": 0.6},
      {"item_id": "storm_glass", "weight": 20, "min_count": 1, "max_count": 2, "chance": 0.5}
    ]
  },
  {
    "id": "supplies",
    "name": "Basic Supplies",
    "description": "Essential survival items",
    "min_items": 2,
    "max_items": 5,
    "entries": [
      {"item_id": "brine_vial", "weight": 35, "min_count": 1, "max_count": 3, "chance": 0.8},
      {"item_id": "salt_poultice", "weight": 30, "min_count": 1, "max_count": 2, "chance": 0.7},
      {"item_id": "hand_torch", "weight": 25, "min_count": 1, "max_count": 2, "chance": 0.6},
      {"item_id": "glass_pick", "weight": 20, "min_count": 1, "max_count": 1, "chance": 0.5},
      {"item_id": "storm_glass", "weight": 15, "min_count": 1, "max_count": 1, "chance": 0.4}
    ]
  }
]
