[
  {
    "id": "scavenger_camp",
    "name": "Scavenger Camp",
    "description": "A small camp with bedroll, fire pit, and supply cache",
    "width": 5,
    "height": 4,
    "tiles": [
      {"x": 1, "y": 1, "tile_type": "floor"},
      {"x": 2, "y": 1, "tile_type": "floor"},
      {"x": 3, "y": 1, "tile_type": "floor"},
      {"x": 1, "y": 2, "tile_type": "floor"},
      {"x": 2, "y": 2, "tile_type": "floor"},
      {"x": 3, "y": 2, "tile_type": "floor"},
      {"x": 0, "y": 0, "tile_type": "wall"},
      {"x": 4, "y": 0, "tile_type": "wall"},
      {"x": 0, "y": 3, "tile_type": "wall"},
      {"x": 4, "y": 3, "tile_type": "wall"}
    ],
    "spawns": [
      {"spawn_type": "npc", "id": "scavenger_trader", "x": 2, "y": 2, "chance": 0.8},
      {"spawn_type": "chest", "id": "supply_crate", "x": 1, "y": 1, "chance": 0.9},
      {"spawn_type": "item", "id": "hand_torch", "x": 3, "y": 1, "chance": 0.6},
      {"spawn_type": "item", "id": "brine_vial", "x": 1, "y": 2, "chance": 0.7}
    ],
    "biome_weights": {
      "saltflat": 30,
      "scrubland": 25,
      "ruins": 15,
      "oasis": 10
    },
    "min_distance_from_player": 25,
    "min_distance_between": 40
  },
  {
    "id": "abandoned_outpost",
    "name": "Abandoned Outpost",
    "description": "Ruined walls and broken equipment, possibly dangerous",
    "width": 6,
    "height": 5,
    "tiles": [
      {"x": 0, "y": 0, "tile_type": "wall"},
      {"x": 1, "y": 0, "tile_type": "wall"},
      {"x": 2, "y": 0, "tile_type": "wall"},
      {"x": 3, "y": 0, "tile_type": "wall"},
      {"x": 4, "y": 0, "tile_type": "wall"},
      {"x": 5, "y": 0, "tile_type": "wall"},
      {"x": 0, "y": 1, "tile_type": "wall"},
      {"x": 5, "y": 1, "tile_type": "wall"},
      {"x": 0, "y": 2, "tile_type": "wall"},
      {"x": 5, "y": 2, "tile_type": "wall"},
      {"x": 0, "y": 3, "tile_type": "wall"},
      {"x": 5, "y": 3, "tile_type": "wall"},
      {"x": 0, "y": 4, "tile_type": "wall"},
      {"x": 1, "y": 4, "tile_type": "wall"},
      {"x": 3, "y": 4, "tile_type": "wall"},
      {"x": 4, "y": 4, "tile_type": "wall"},
      {"x": 5, "y": 4, "tile_type": "wall"},
      {"x": 1, "y": 1, "tile_type": "floor"},
      {"x": 2, "y": 1, "tile_type": "floor"},
      {"x": 3, "y": 1, "tile_type": "floor"},
      {"x": 4, "y": 1, "tile_type": "floor"},
      {"x": 1, "y": 2, "tile_type": "floor"},
      {"x": 2, "y": 2, "tile_type": "floor"},
      {"x": 3, "y": 2, "tile_type": "floor"},
      {"x": 4, "y": 2, "tile_type": "floor"},
      {"x": 1, "y": 3, "tile_type": "floor"},
      {"x": 2, "y": 3, "tile_type": "floor"},
      {"x": 3, "y": 3, "tile_type": "floor"},
      {"x": 4, "y": 3, "tile_type": "floor"}
    ],
    "spawns": [
      {"spawn_type": "chest", "id": "metal_strongbox", "x": 2, "y": 2, "chance": 0.7},
      {"spawn_type": "item", "id": "storm_glass", "x": 3, "y": 1, "chance": 0.5},
      {"spawn_type": "item", "id": "scripture_shard", "x": 1, "y": 3, "chance": 0.4}
    ],
    "biome_weights": {
      "ruins": 40,
      "saltflat": 20,
      "scrubland": 15
    },
    "min_distance_from_player": 30,
    "min_distance_between": 50
  },
  {
    "id": "glass_garden",
    "name": "Glass Garden",
    "description": "Cultivated glass formations tended by a hermit",
    "width": 4,
    "height": 4,
    "tiles": [
      {"x": 0, "y": 0, "tile_type": "glass"},
      {"x": 1, "y": 0, "tile_type": "glass"},
      {"x": 2, "y": 0, "tile_type": "glass"},
      {"x": 3, "y": 0, "tile_type": "glass"},
      {"x": 0, "y": 1, "tile_type": "glass"},
      {"x": 1, "y": 1, "tile_type": "floor"},
      {"x": 2, "y": 1, "tile_type": "floor"},
      {"x": 3, "y": 1, "tile_type": "glass"},
      {"x": 0, "y": 2, "tile_type": "glass"},
      {"x": 1, "y": 2, "tile_type": "floor"},
      {"x": 2, "y": 2, "tile_type": "floor"},
      {"x": 3, "y": 2, "tile_type": "glass"},
      {"x": 0, "y": 3, "tile_type": "glass"},
      {"x": 1, "y": 3, "tile_type": "glass"},
      {"x": 2, "y": 3, "tile_type": "glass"},
      {"x": 3, "y": 3, "tile_type": "glass"}
    ],
    "spawns": [
      {"spawn_type": "npc", "id": "glass_hermit", "x": 1, "y": 1, "chance": 0.9},
      {"spawn_type": "chest", "id": "glass_cache", "x": 2, "y": 2, "chance": 0.8},
      {"spawn_type": "item", "id": "storm_glass", "x": 1, "y": 2, "chance": 0.9},
      {"spawn_type": "item", "id": "angle_split_lens", "x": 2, "y": 1, "chance": 0.6}
    ],
    "biome_weights": {
      "saltflat": 35,
      "scrubland": 20,
      "ruins": 25
    },
    "min_distance_from_player": 20,
    "min_distance_between": 35
  },
  {
    "id": "storm_shelter",
    "name": "Storm Shelter",
    "description": "A reinforced hut built to withstand glass storms",
    "width": 4,
    "height": 3,
    "tiles": [
      {"x": 0, "y": 0, "tile_type": "wall"},
      {"x": 1, "y": 0, "tile_type": "wall"},
      {"x": 2, "y": 0, "tile_type": "wall"},
      {"x": 3, "y": 0, "tile_type": "wall"},
      {"x": 0, "y": 1, "tile_type": "wall"},
      {"x": 1, "y": 1, "tile_type": "floor"},
      {"x": 2, "y": 1, "tile_type": "floor"},
      {"x": 3, "y": 1, "tile_type": "wall"},
      {"x": 0, "y": 2, "tile_type": "wall"},
      {"x": 1, "y": 2, "tile_type": "wall"},
      {"x": 3, "y": 2, "tile_type": "wall"}
    ],
    "spawns": [
      {"spawn_type": "npc", "id": "storm_watcher", "x": 1, "y": 1, "chance": 0.7},
      {"spawn_type": "chest", "id": "supply_crate", "x": 2, "y": 1, "chance": 0.8},
      {"spawn_type": "item", "id": "salt_poultice", "x": 1, "y": 1, "chance": 0.6}
    ],
    "biome_weights": {
      "saltflat": 25,
      "scrubland": 30,
      "oasis": 15,
      "ruins": 10
    },
    "min_distance_from_player": 25,
    "min_distance_between": 40
  },
  {
    "id": "shrine_remnant",
    "name": "Shrine Remnant",
    "description": "A broken altar with scattered scripture fragments",
    "width": 3,
    "height": 3,
    "tiles": [
      {"x": 0, "y": 0, "tile_type": "floor"},
      {"x": 1, "y": 0, "tile_type": "wall"},
      {"x": 2, "y": 0, "tile_type": "floor"},
      {"x": 0, "y": 1, "tile_type": "wall"},
      {"x": 1, "y": 1, "tile_type": "floor"},
      {"x": 2, "y": 1, "tile_type": "wall"},
      {"x": 0, "y": 2, "tile_type": "floor"},
      {"x": 1, "y": 2, "tile_type": "wall"},
      {"x": 2, "y": 2, "tile_type": "floor"}
    ],
    "spawns": [
      {"spawn_type": "npc", "id": "wandering_monk", "x": 1, "y": 1, "chance": 0.6},
      {"spawn_type": "item", "id": "scripture_shard", "x": 0, "y": 0, "chance": 0.8},
      {"spawn_type": "item", "id": "scripture_shard", "x": 2, "y": 2, "chance": 0.7},
      {"spawn_type": "item", "id": "saints_tear", "x": 1, "y": 1, "chance": 0.3}
    ],
    "biome_weights": {
      "ruins": 35,
      "saltflat": 20,
      "scrubland": 15,
      "oasis": 25
    },
    "min_distance_from_player": 20,
    "min_distance_between": 30
  },
  {
    "id": "salt_harvester",
    "name": "Salt Harvester",
    "description": "Evaporation pools and tools for salt extraction",
    "width": 5,
    "height": 3,
    "tiles": [
      {"x": 0, "y": 0, "tile_type": "floor"},
      {"x": 1, "y": 0, "tile_type": "floor"},
      {"x": 2, "y": 0, "tile_type": "floor"},
      {"x": 3, "y": 0, "tile_type": "floor"},
      {"x": 4, "y": 0, "tile_type": "floor"},
      {"x": 0, "y": 1, "tile_type": "floor"},
      {"x": 1, "y": 1, "tile_type": "glass"},
      {"x": 2, "y": 1, "tile_type": "glass"},
      {"x": 3, "y": 1, "tile_type": "glass"},
      {"x": 4, "y": 1, "tile_type": "floor"},
      {"x": 0, "y": 2, "tile_type": "floor"},
      {"x": 1, "y": 2, "tile_type": "floor"},
      {"x": 2, "y": 2, "tile_type": "floor"},
      {"x": 3, "y": 2, "tile_type": "floor"},
      {"x": 4, "y": 2, "tile_type": "floor"}
    ],
    "spawns": [
      {"spawn_type": "npc", "id": "salt_worker", "x": 0, "y": 1, "chance": 0.8},
      {"spawn_type": "chest", "id": "supply_crate", "x": 4, "y": 1, "chance": 0.7},
      {"spawn_type": "item", "id": "brine_vial", "x": 1, "y": 2, "chance": 0.9},
      {"spawn_type": "item", "id": "salt_poultice", "x": 3, "y": 2, "chance": 0.8}
    ],
    "biome_weights": {
      "saltflat": 45,
      "scrubland": 15,
      "oasis": 20
    },
    "min_distance_from_player": 25,
    "min_distance_between": 35
  }
]
