{
  "abilities": [
    {
      "id": "mind_pulse",
      "name": "Mind Pulse",
      "category": "telepathy",
      "description": "Stun nearby enemies with a psychic blast.",
      "coherence_cost": 20,
      "cooldown": 5,
      "min_adaptation_level": 1,
      "effect": "stun_aoe"
    },
    {
      "id": "mind_probe",
      "name": "Mind Probe",
      "category": "telepathy",
      "description": "Scan an enemy's thoughts to reveal their next action",
      "coherence_cost": 15,
      "cooldown": 3,
      "min_adaptation_level": 1,
      "effect": "reveal_enemy_intent"
    },
    {
      "id": "telepathic_strike",
      "name": "Telepathic Strike",
      "category": "telepathy",
      "description": "Attack an enemy's mind directly, bypassing armor",
      "coherence_cost": 25,
      "cooldown": 4,
      "min_adaptation_level": 2,
      "effect": "psychic_damage_8"
    },
    {
      "id": "probability_shift",
      "name": "Probability Shift",
      "category": "probability",
      "description": "Alter the odds of your next action succeeding",
      "coherence_cost": 20,
      "cooldown": 5,
      "min_adaptation_level": 1,
      "effect": "next_action_advantage"
    },
    {
      "id": "quantum_dodge",
      "name": "Quantum Dodge",
      "category": "probability",
      "description": "Phase briefly out of reality to avoid attacks",
      "coherence_cost": 30,
      "cooldown": 6,
      "min_adaptation_level": 3,
      "effect": "dodge_next_attack"
    },
    {
      "id": "energy_drain",
      "name": "Energy Drain",
      "category": "energy",
      "description": "Siphon life force from nearby enemies to heal yourself",
      "coherence_cost": 35,
      "cooldown": 8,
      "min_adaptation_level": 2,
      "effect": "drain_heal_15"
    },
    {
      "id": "storm_channel",
      "name": "Storm Channel",
      "category": "energy",
      "description": "Channel storm energy to enhance your next attack",
      "coherence_cost": 40,
      "cooldown": 10,
      "min_adaptation_level": 3,
      "effect": "next_attack_storm_damage"
    },
    {
      "id": "phase_step",
      "name": "Phase Step",
      "category": "phasing",
      "description": "Step through solid matter to move to a nearby location",
      "coherence_cost": 25,
      "cooldown": 4,
      "min_adaptation_level": 2,
      "effect": "teleport_range_5"
    },
    {
      "id": "ghost_walk",
      "name": "Ghost Walk",
      "category": "phasing",
      "description": "Become incorporeal for several turns",
      "coherence_cost": 50,
      "cooldown": 15,
      "min_adaptation_level": 4,
      "effect": "incorporeal_3_turns"
    },
    {
      "id": "temporal_glimpse",
      "name": "Temporal Glimpse",
      "category": "temporal",
      "description": "See a few seconds into the future",
      "coherence_cost": 30,
      "cooldown": 12,
      "min_adaptation_level": 3,
      "effect": "foresight_3_turns"
    },
    {
      "id": "time_dilation",
      "name": "Time Dilation",
      "category": "temporal",
      "description": "Slow time around you, gaining extra actions",
      "coherence_cost": 60,
      "cooldown": 20,
      "min_adaptation_level": 5,
      "effect": "extra_turn"
    },
    {
      "id": "collective_link",
      "name": "Collective Link",
      "category": "telepathy",
      "description": "Connect with friendly NPCs to share knowledge",
      "coherence_cost": 20,
      "cooldown": 8,
      "min_adaptation_level": 2,
      "effect": "npc_knowledge_share"
    },
    {
      "id": "reality_anchor",
      "name": "Reality Anchor",
      "category": "probability",
      "description": "Stabilize local reality to prevent storm effects",
      "coherence_cost": 45,
      "cooldown": 15,
      "min_adaptation_level": 4,
      "effect": "storm_immunity_5_turns"
    },
    {
      "id": "psychic_shield",
      "name": "Psychic Shield",
      "category": "energy",
      "description": "Create a barrier of mental energy around yourself",
      "coherence_cost": 35,
      "cooldown": 10,
      "min_adaptation_level": 3,
      "effect": "damage_reduction_50_percent_5_turns"
    },
    {
      "id": "dimensional_rift",
      "name": "Dimensional Rift",
      "category": "phasing",
      "description": "Tear a hole in space to attack distant enemies",
      "coherence_cost": 55,
      "cooldown": 18,
      "min_adaptation_level": 5,
      "effect": "ranged_attack_anywhere"
    },
    {
      "id": "consciousness_merge",
      "name": "Consciousness Merge",
      "category": "telepathy",
      "description": "Temporarily merge with an enemy's mind to control them",
      "coherence_cost": 70,
      "cooldown": 25,
      "min_adaptation_level": 6,
      "effect": "mind_control_3_turns"
    }
  ]
}
