[
  {
    "id": "melee_combat",
    "name": "Melee Combat",
    "category": "combat",
    "description": "Proficiency with close-quarters weapons and unarmed combat",
    "max_level": 10,
    "base_cost": 5
  },
  {
    "id": "ranged_combat",
    "name": "Ranged Combat", 
    "category": "combat",
    "description": "Accuracy and efficiency with ranged weapons",
    "max_level": 10,
    "base_cost": 5
  },
  {
    "id": "defense",
    "name": "Defense",
    "category": "combat", 
    "description": "Armor usage, blocking, and damage mitigation",
    "max_level": 10,
    "base_cost": 6
  },
  {
    "id": "athletics",
    "name": "Athletics",
    "category": "athletics",
    "description": "Physical conditioning, movement, and endurance",
    "max_level": 8,
    "base_cost": 4
  },
  {
    "id": "stealth",
    "name": "Stealth", 
    "category": "athletics",
    "description": "Moving unseen and unheard through dangerous areas",
    "max_level": 8,
    "base_cost": 5
  },
  {
    "id": "survival",
    "name": "Survival",
    "category": "survival",
    "description": "Enduring harsh conditions and finding resources",
    "max_level": 6,
    "base_cost": 4
  },
  {
    "id": "medicine",
    "name": "Medicine",
    "category": "survival",
    "description": "Healing wounds and treating ailments",
    "max_level": 6,
    "base_cost": 6
  },
  {
    "id": "crafting",
    "name": "Crafting",
    "category": "crafting",
    "description": "Creating and modifying equipment and tools",
    "max_level": 8,
    "base_cost": 5
  }
]
