{
  "traders": [
    {
      "trader_id": "merchant_keth",
      "name": "Merchant Keth",
      "faction": "saltborn_collective",
      "base_tier": 1,
      "items": [
        {
          "item_id": "hand_torch",
          "base_price": 15,
          "stock": 5,
          "min_tier": 1,
          "required_reputation": -50
        },
        {
          "item_id": "cloth_scrap",
          "base_price": 5,
          "stock": 10,
          "min_tier": 1,
          "required_reputation": -50
        },
        {
          "item_id": "salt_crystal",
          "base_price": 12,
          "stock": 8,
          "min_tier": 1,
          "required_reputation": 0
        },
        {
          "item_id": "glass_pick",
          "base_price": 40,
          "stock": 2,
          "min_tier": 2,
          "required_reputation": 10
        },
        {
          "item_id": "preserved_rations",
          "base_price": 20,
          "stock": 15,
          "min_tier": 1,
          "required_reputation": 0
        }
      ],
      "reputation_modifiers": {
        "50": {
          "price_multiplier": 0.8,
          "stock_bonus": 3,
          "exclusive_items": ["rare_salt_essence"]
        },
        "25": {
          "price_multiplier": 0.9,
          "stock_bonus": 2,
          "exclusive_items": []
        },
        "0": {
          "price_multiplier": 1.0,
          "stock_bonus": 0,
          "exclusive_items": []
        }
      }
    },
    {
      "trader_id": "glasswright_artisan",
      "name": "Artisan Vex",
      "faction": "glasswright_guild",
      "base_tier": 2,
      "items": [
        {
          "item_id": "glass_blade",
          "base_price": 60,
          "stock": 3,
          "min_tier": 2,
          "required_reputation": 0
        },
        {
          "item_id": "glass_shard",
          "base_price": 8,
          "stock": 20,
          "min_tier": 1,
          "required_reputation": -25
        },
        {
          "item_id": "enhanced_goggles",
          "base_price": 150,
          "stock": 1,
          "min_tier": 3,
          "required_reputation": 50,
          "faction_exclusive": "glasswright_guild"
        },
        {
          "item_id": "precision_tools",
          "base_price": 80,
          "stock": 2,
          "min_tier": 2,
          "required_reputation": 25
        },
        {
          "item_id": "pure_glass",
          "base_price": 45,
          "stock": 5,
          "min_tier": 2,
          "required_reputation": 10
        }
      ],
      "reputation_modifiers": {
        "75": {
          "price_multiplier": 0.7,
          "stock_bonus": 5,
          "exclusive_items": ["master_glass_lens", "guild_sigil"]
        },
        "50": {
          "price_multiplier": 0.8,
          "stock_bonus": 3,
          "exclusive_items": ["advanced_glass_tools"]
        },
        "25": {
          "price_multiplier": 0.9,
          "stock_bonus": 1,
          "exclusive_items": []
        }
      }
    },
    {
      "trader_id": "storm_prophet_trader",
      "name": "Prophet Zara",
      "faction": "storm_prophets",
      "base_tier": 3,
      "items": [
        {
          "item_id": "storm_glass",
          "base_price": 100,
          "stock": 2,
          "min_tier": 3,
          "required_reputation": 25
        },
        {
          "item_id": "ritual_components",
          "base_price": 75,
          "stock": 4,
          "min_tier": 2,
          "required_reputation": 10
        },
        {
          "item_id": "prophecy_scroll",
          "base_price": 50,
          "stock": 3,
          "min_tier": 2,
          "required_reputation": 0
        },
        {
          "item_id": "storm_ward_charm",
          "base_price": 120,
          "stock": 1,
          "min_tier": 4,
          "required_reputation": 50,
          "faction_exclusive": "storm_prophets"
        }
      ],
      "reputation_modifiers": {
        "75": {
          "price_multiplier": 0.6,
          "stock_bonus": 4,
          "exclusive_items": ["ancient_prophecy", "storm_heart"]
        },
        "50": {
          "price_multiplier": 0.75,
          "stock_bonus": 2,
          "exclusive_items": ["blessed_storm_glass"]
        }
      }
    },
    {
      "trader_id": "nomad_supplier",
      "name": "Nomad Rhen",
      "faction": "independent",
      "base_tier": 1,
      "items": [
        {
          "item_id": "water_flask",
          "base_price": 25,
          "stock": 10,
          "min_tier": 1,
          "required_reputation": -100
        },
        {
          "item_id": "dried_meat",
          "base_price": 18,
          "stock": 15,
          "min_tier": 1,
          "required_reputation": -100
        },
        {
          "item_id": "rope",
          "base_price": 12,
          "stock": 8,
          "min_tier": 1,
          "required_reputation": -100
        },
        {
          "item_id": "map_fragment",
          "base_price": 35,
          "stock": 3,
          "min_tier": 2,
          "required_reputation": 0
        },
        {
          "item_id": "survival_kit",
          "base_price": 90,
          "stock": 2,
          "min_tier": 3,
          "required_reputation": 25
        }
      ],
      "reputation_modifiers": {
        "50": {
          "price_multiplier": 0.85,
          "stock_bonus": 5,
          "exclusive_items": ["rare_nomad_gear"]
        },
        "25": {
          "price_multiplier": 0.95,
          "stock_bonus": 2,
          "exclusive_items": []
        }
      }
    }
  ]
}
