{
  "default": {
    "items": [
      {"id": "storm_glass", "weight": 4, "min_level": 1, "max_level": 10},
      {"id": "pristine_storm_glass", "weight": 2, "min_level": 4, "max_level": 10},
      {"id": "storm_core", "weight": 1, "min_level": 9, "max_level": 10},
      {"id": "brine_vial", "weight": 3, "min_level": 1, "max_level": 6},
      {"id": "greater_brine_vial", "weight": 2, "min_level": 4, "max_level": 10},
      {"id": "saints_tear", "weight": 1, "min_level": 7, "max_level": 10},
      {"id": "scripture_shard", "weight": 2, "min_level": 1, "max_level": 8},
      {"id": "illuminated_scripture", "weight": 1, "min_level": 7, "max_level": 10, "room": "last"},
      {"id": "saint_key", "weight": 1, "min_level": 3, "max_level": 10, "room": "last"},
      {"id": "master_saint_key", "weight": 1, "min_level": 9, "max_level": 10, "room": "last"},
      {"id": "angle_lens", "weight": 1, "min_level": 4, "max_level": 10, "room": "last"},
      {"id": "perfect_lens", "weight": 1, "min_level": 8, "max_level": 10, "room": "last"},
      {"id": "salt_knife", "weight": 2, "min_level": 1, "max_level": 4},
      {"id": "glass_blade", "weight": 1, "min_level": 4, "max_level": 8},
      {"id": "saint_blade", "weight": 1, "min_level": 9, "max_level": 10},
      {"id": "glass_shard", "weight": 2, "min_level": 1, "max_level": 6},
      {"id": "refined_glass_shard", "weight": 1, "min_level": 3, "max_level": 8},
      {"id": "salt_vest", "weight": 1, "min_level": 2, "max_level": 5},
      {"id": "glass_mail", "weight": 1, "min_level": 5, "max_level": 9},
      {"id": "saint_aegis", "weight": 1, "min_level": 9, "max_level": 10},
      {"id": "leather_jacket", "weight": 1, "min_level": 1, "max_level": 4},
      {"id": "reinforced_jacket", "weight": 1, "min_level": 3, "max_level": 7},
      {"id": "glass_pick", "weight": 1, "min_level": 1, "max_level": 6},
      {"id": "master_glass_pick", "weight": 1, "min_level": 7, "max_level": 10},
      {"id": "storm_compass", "weight": 1, "min_level": 3, "max_level": 8},
      {"id": "storm_oracle", "weight": 1, "min_level": 7, "max_level": 10},
      {"id": "veil_tincture", "weight": 1, "min_level": 3, "max_level": 8},
      {"id": "perfect_veil", "weight": 1, "min_level": 8, "max_level": 10},
      {"id": "salt_poultice", "weight": 2, "min_level": 1, "max_level": 6},
      {"id": "master_salve", "weight": 1, "min_level": 9, "max_level": 10},
      {"id": "hand_torch", "weight": 1, "min_level": 1, "max_level": 3},
      {"id": "storm_lantern", "weight": 1, "min_level": 4, "max_level": 8},
      {"id": "saint_beacon", "weight": 1, "min_level": 9, "max_level": 10},
      {"id": "salt_crystal", "weight": 2, "min_level": 1, "max_level": 6},
      {"id": "perfect_salt_crystal", "weight": 1, "min_level": 5, "max_level": 10}
    ],
    "enemies": [
      {"id": "mirage_hound", "weight": 4, "min_level": 1, "max_level": 3},
      {"id": "glass_beetle", "weight": 3, "min_level": 2, "max_level": 4},
      {"id": "salt_mummy", "weight": 3, "min_level": 2, "max_level": 5},
      {"id": "shard_spider", "weight": 3, "min_level": 1, "max_level": 3},
      {"id": "dust_wraith", "weight": 2, "min_level": 2, "max_level": 4},
      {"id": "shard_nest", "weight": 1, "min_level": 3, "max_level": 6},
      {"id": "storm_archer", "weight": 2, "min_level": 3, "max_level": 6},
      {"id": "glass_bomber", "weight": 1, "min_level": 4, "max_level": 7},
      {"id": "psychic_wraith", "weight": 1, "min_level": 5, "max_level": 8},
      {"id": "alpha_mirage_hound", "weight": 1, "min_level": 4, "max_level": 7},
      {"id": "crystal_scarab", "weight": 1, "min_level": 6, "max_level": 9},
      {"id": "crystal_widow", "weight": 1, "min_level": 7, "max_level": 10},
      {"id": "storm_marksman", "weight": 1, "min_level": 8, "max_level": 10},
      {"id": "adaptation_horror", "weight": 1, "min_level": 6, "max_level": 9},
      {"id": "salt_lord", "weight": 1, "min_level": 8, "max_level": 10},
      {"id": "storm_phantom", "weight": 1, "min_level": 9, "max_level": 10},
      {"id": "crystal_devastator", "weight": 1, "min_level": 10, "max_level": 10},
      {"id": "mind_sovereign", "weight": 1, "min_level": 10, "max_level": 10},
      {"id": "sandstorm_elemental", "weight": 1, "min_level": 9, "max_level": 10}
    ],
    "npcs": [
      {"id": "tutorial_guide", "weight": 3, "min_level": 1, "max_level": 2, "room": "first"},
      {"id": "mirror_monk", "weight": 1, "min_level": 1, "max_level": 10, "room": "late"},
      {"id": "salt_hermit", "weight": 1, "min_level": 1, "max_level": 6},
      {"id": "glass_merchant", "weight": 1, "min_level": 2, "max_level": 8},
      {"id": "dying_pilgrim", "weight": 1, "min_level": 1, "max_level": 5},
      {"id": "mirror_monk_friendly", "weight": 2, "min_level": 3, "max_level": 8},
      {"id": "sand_engineer_friendly", "weight": 2, "min_level": 4, "max_level": 9},
      {"id": "glassborn_friendly", "weight": 1, "min_level": 5, "max_level": 10}
    ]
  },
  "saltflat": {
    "items": [
      {"id": "salt_crystal", "weight": 5, "min_level": 1, "max_level": 10},
      {"id": "brine_vial", "weight": 4, "min_level": 1, "max_level": 10},
      {"id": "salt_poultice", "weight": 3, "min_level": 2, "max_level": 8},
      {"id": "crystalline_shard", "weight": 2, "min_level": 3, "max_level": 10},
      {"id": "salt_knife", "weight": 3, "min_level": 1, "max_level": 6},
      {"id": "salt_vest", "weight": 2, "min_level": 2, "max_level": 8}
    ],
    "enemies": [
      {"id": "salt_mummy", "weight": 5, "min_level": 2, "max_level": 6},
      {"id": "mirage_hound", "weight": 3, "min_level": 1, "max_level": 4},
      {"id": "dust_wraith", "weight": 4, "min_level": 2, "max_level": 5},
      {"id": "salt_lord", "weight": 1, "min_level": 8, "max_level": 10},
      {"id": "sandstorm_elemental", "weight": 1, "min_level": 9, "max_level": 10}
    ],
    "npcs": [
      {"id": "salt_hermit", "weight": 3, "min_level": 1, "max_level": 8},
      {"id": "mirror_monk_friendly", "weight": 2, "min_level": 3, "max_level": 8}
    ]
  },
  "oasis": {
    "items": [
      {"id": "fresh_water", "weight": 6, "min_level": 1, "max_level": 10},
      {"id": "healing_herb", "weight": 4, "min_level": 1, "max_level": 8},
      {"id": "fruit_ration", "weight": 3, "min_level": 1, "max_level": 6},
      {"id": "oasis_crystal", "weight": 2, "min_level": 3, "max_level": 10}
    ],
    "enemies": [
      {"id": "glass_beetle", "weight": 3, "min_level": 2, "max_level": 5},
      {"id": "mirage_hound", "weight": 2, "min_level": 1, "max_level": 4},
      {"id": "crystal_scarab", "weight": 1, "min_level": 6, "max_level": 9}
    ],
    "npcs": [
      {"id": "oasis_guardian", "weight": 2, "min_level": 3, "max_level": 8},
      {"id": "water_trader", "weight": 3, "min_level": 1, "max_level": 6},
      {"id": "glassborn_friendly", "weight": 1, "min_level": 5, "max_level": 10}
    ]
  },
  "ruins": {
    "items": [
      {"id": "ancient_gear", "weight": 4, "min_level": 2, "max_level": 10},
      {"id": "rusted_weapon", "weight": 3, "min_level": 1, "max_level": 6},
      {"id": "scripture_shard", "weight": 4, "min_level": 1, "max_level": 10},
      {"id": "saint_key", "weight": 2, "min_level": 4, "max_level": 10},
      {"id": "archive_data", "weight": 2, "min_level": 5, "max_level": 10}
    ],
    "enemies": [
      {"id": "refraction_wraith", "weight": 4, "min_level": 3, "max_level": 7},
      {"id": "psychic_wraith", "weight": 3, "min_level": 5, "max_level": 8},
      {"id": "adaptation_horror", "weight": 2, "min_level": 6, "max_level": 9},
      {"id": "storm_phantom", "weight": 1, "min_level": 9, "max_level": 10},
      {"id": "mind_sovereign", "weight": 1, "min_level": 10, "max_level": 10}
    ],
    "npcs": [
      {"id": "archive_scholar", "weight": 2, "min_level": 4, "max_level": 9},
      {"id": "ruin_explorer", "weight": 3, "min_level": 2, "max_level": 7},
      {"id": "sand_engineer_friendly", "weight": 2, "min_level": 4, "max_level": 9}
    ]
  },
  "scrubland": {
    "items": [
      {"id": "dried_herbs", "weight": 5, "min_level": 1, "max_level": 8},
      {"id": "thorn_spear", "weight": 3, "min_level": 2, "max_level": 6},
      {"id": "cactus_water", "weight": 4, "min_level": 1, "max_level": 6},
      {"id": "fiber_rope", "weight": 3, "min_level": 1, "max_level": 5}
    ],
    "enemies": [
      {"id": "shard_spider", "weight": 4, "min_level": 1, "max_level": 4},
      {"id": "glass_bomber", "weight": 2, "min_level": 4, "max_level": 7},
      {"id": "storm_archer", "weight": 3, "min_level": 3, "max_level": 6},
      {"id": "crystal_widow", "weight": 1, "min_level": 7, "max_level": 10},
      {"id": "storm_marksman", "weight": 1, "min_level": 8, "max_level": 10}
    ],
    "npcs": [
      {"id": "scrub_ranger", "weight": 3, "min_level": 2, "max_level": 7},
      {"id": "plant_whisperer", "weight": 2, "min_level": 3, "max_level": 8}
    ]
  }
}
