{
  "default": {
    "items": [
      {"id": "storm_glass", "weight": 4},
      {"id": "brine_vial", "weight": 3},
      {"id": "scripture_shard", "weight": 2},
      {"id": "saint_key", "weight": 1},
      {"id": "angle_lens", "weight": 1, "room": "last"},
      {"id": "salt_knife", "weight": 2},
      {"id": "glass_shard", "weight": 2},
      {"id": "rusty_blade", "weight": 1},
      {"id": "salt_vest", "weight": 1},
      {"id": "leather_jacket", "weight": 1},
      {"id": "leather_boots", "weight": 1},
      {"id": "leather_cap", "weight": 1},
      {"id": "hand_torch", "weight": 1}
    ],
    "enemies": [
      {"id": "mirage_hound", "weight": 3},
      {"id": "glass_beetle", "weight": 3},
      {"id": "salt_mummy", "weight": 2},
      {"id": "shard_spider", "weight": 2},
      {"id": "dust_wraith", "weight": 1}
    ],
    "npcs": [
      {"id": "tutorial_guide", "weight": 3, "room": "first"},
      {"id": "mirror_monk", "room": "late"},
      {"id": "salt_hermit", "weight": 1},
      {"id": "glass_merchant", "weight": 1},
      {"id": "dying_pilgrim", "weight": 1}
    ]
  }
}
