{
  "items": [
    {
      "id": "storm_glass",
      "name": "Storm Glass",
      "glyph": "◆",
      "description": "Crystallized storm energy, valuable for trade",
      "value": 25,
      "weight": 1,
      "usable": false,
      "effects": [{"condition": "on_pickup", "effect": "B(@3 &Cyan)"}]
    },
    {
      "id": "scripture_shard",
      "name": "Scripture Shard",
      "glyph": "?",
      "description": "Fragment of ancient religious text",
      "value": 15,
      "weight": 0,
      "usable": false,
      "hidden_properties": ["value"],
      "effects": [{"condition": "on_pickup", "effect": "G(&Yellow)"}]
    },
    {
      "id": "brine_vial",
      "name": "Brine Vial",
      "glyph": "!",
      "description": "Salty healing draught",
      "value": 10,
      "weight": 1,
      "usable": true,
      "heal": 5,
      "effects": [{"condition": "on_pickup", "effect": "B(@4 &Green)"}, {"condition": "on_use", "effect": "G(&Green)"}]
    },
    {
      "id": "saint_key",
      "name": "Saint-Key",
      "glyph": "⚷",
      "description": "Opens Archive doors",
      "value": 50,
      "weight": 1,
      "usable": false,
      "effects": [{"condition": "on_pickup", "effect": "B(@2 &LightBlue)"}]
    },
    {
      "id": "angle_lens",
      "name": "Angle-Split Lens",
      "glyph": "◎",
      "description": "Reveals hidden paths when used",
      "value": 100,
      "weight": 1,
      "usable": true,
      "reveals_map": true,
      "effects": [{"condition": "on_pickup", "effect": "B(@3 &Magenta)"}, {"condition": "on_use", "effect": "B(@1 &White)"}]
    },
    {
      "id": "salt_poultice",
      "name": "Salt Poultice",
      "glyph": "+",
      "description": "Crystallized salve that seals wounds with brine",
      "value": 15,
      "weight": 1,
      "usable": true,
      "heal": 8,
      "effects": [{"condition": "on_pickup", "effect": "B(@4 &Green)"}, {"condition": "on_use", "effect": "G(&LightGreen)"}]
    },
    {
      "id": "veil_tincture",
      "name": "Veil Tincture",
      "glyph": "!",
      "description": "Dulls refraction glow—adaptations hidden briefly",
      "value": 40,
      "weight": 1,
      "usable": true,
      "suppresses_adaptations": true,
      "effects": [{"condition": "on_pickup", "effect": "B(@4 &DarkGray)"}, {"condition": "on_use", "effect": "G(&DarkGray)"}]
    },
    {
      "id": "glass_pick",
      "name": "Glass Pick",
      "glyph": "/",
      "description": "Vitrified tool for breaking walls and glass seams",
      "value": 30,
      "weight": 2,
      "usable": true,
      "breaks_walls": true,
      "effects": [{"condition": "on_pickup", "effect": "B(@4 &Cyan)"}]
    },
    {
      "id": "storm_compass",
      "name": "Storm Compass",
      "glyph": "⊕",
      "description": "Needle trembles toward the next storm's origin",
      "value": 60,
      "weight": 1,
      "usable": true,
      "reveals_storm_path": true,
      "effects": [{"condition": "on_pickup", "effect": "B(@3 &Yellow)"}, {"condition": "on_use", "effect": "B(@2 &LightYellow)"}]
    },
    {
      "id": "saints_tear",
      "name": "Saint's Tear",
      "glyph": "○",
      "description": "Vitrified droplet from a machine-saint's eye",
      "value": 75,
      "weight": 0,
      "usable": true,
      "heal": 15,
      "reduces_refraction": 10,
      "effects": [{"condition": "on_pickup", "effect": "B(@2 &White)"}, {"condition": "on_use", "effect": "G(&White)"}]
    },
    {
      "id": "brine_shot",
      "name": "Brine Shot",
      "glyph": "•",
      "description": "Pressurized salt water cartridge",
      "value": 5,
      "weight": 0,
      "usable": false
    },
    {
      "id": "glass_arrow",
      "name": "Glass Arrow",
      "glyph": "→",
      "description": "Glass-tipped arrow for storm bows",
      "value": 3,
      "weight": 0,
      "usable": false
    },
    {
      "id": "health_potion",
      "name": "Health Potion",
      "glyph": "!",
      "description": "Potent healing brew",
      "value": 25,
      "weight": 1,
      "usable": true,
      "heal": 12,
      "effects": [{"condition": "on_use", "effect": "G(&LightGreen)"}]
    },
    {
      "id": "salt_bomb",
      "name": "Salt Bomb",
      "glyph": "*",
      "description": "Explosive salt device",
      "value": 40,
      "weight": 2,
      "usable": true,
      "damage_area": 3,
      "effects": [{"condition": "on_use", "effect": "B(@5 &White)"}]
    },
    {
      "id": "salt_crystal",
      "name": "Salt Crystal",
      "glyph": "◇",
      "description": "Raw crystallized salt, useful for crafting",
      "value": 5,
      "weight": 1,
      "usable": false
    },
    {
      "id": "wall_torch",
      "name": "Wall Torch",
      "glyph": "†",
      "description": "A flickering torch mounted on the wall",
      "pickup": false,
      "light_source": {"radius": 6, "intensity": 120}
    },
    {
      "id": "hand_torch",
      "name": "Hand Torch",
      "glyph": "†",
      "description": "A portable torch that illuminates your surroundings",
      "value": 15,
      "weight": 1,
      "usable": false,
      "equip_slot": "accessory",
      "light_source": {"radius": 12, "intensity": 200}
    },
    {
      "id": "salted_meat",
      "name": "Salted Meat",
      "glyph": "%",
      "description": "Preserved meat, restores some health",
      "value": 8,
      "weight": 1,
      "usable": true,
      "heal": 3
    },
    {
      "id": "rusted_gear",
      "name": "Rusted Gear",
      "glyph": "*",
      "description": "Old mechanical part, might be useful",
      "value": 12,
      "weight": 2,
      "usable": false
    },
    {
      "id": "rags",
      "name": "Rags",
      "glyph": "~",
      "description": "Tattered cloth scraps",
      "value": 2,
      "weight": 0,
      "usable": false
    },
    {
      "id": "salt_vest",
      "name": "Salt Vest",
      "glyph": "[",
      "description": "Crystallized salt armor, light but protective",
      "value": 50,
      "weight": 3,
      "usable": false,
      "armor_value": 3,
      "equip_slot": "jacket"
    },
    {
      "id": "storm_boots",
      "name": "Storm Boots",
      "glyph": "]",
      "description": "Glass-soled boots that resist storm damage",
      "value": 45,
      "weight": 2,
      "usable": false,
      "armor_value": 1,
      "equip_slot": "boots"
    },
    {
      "id": "brine_gloves",
      "name": "Brine Gloves",
      "glyph": "]",
      "description": "Salt-treated gloves for handling dangerous materials",
      "value": 30,
      "weight": 1,
      "usable": false,
      "armor_value": 1,
      "equip_slot": "gloves"
    },
    {
      "id": "pilgrim_pack",
      "name": "Pilgrim Pack",
      "glyph": "∩",
      "description": "Sturdy backpack for long journeys",
      "value": 35,
      "weight": 1,
      "usable": false,
      "equip_slot": "backpack"
    },
    {
      "id": "salt_amulet",
      "name": "Salt Amulet",
      "glyph": "☼",
      "description": "Protective charm blessed by salt-priests",
      "value": 55,
      "weight": 0,
      "usable": false,
      "armor_value": 1,
      "equip_slot": "necklace"
    },
    {
      "id": "glass_dagger",
      "name": "Glass Dagger",
      "glyph": "/",
      "description": "Sharp but fragile blade of storm glass",
      "value": 20,
      "weight": 1,
      "usable": false,
      "equip_slot": "weapon"
    },
    {
      "id": "crystal_shield",
      "name": "Crystal Shield",
      "glyph": "O",
      "description": "Refractive shield that deflects light attacks",
      "value": 60,
      "weight": 4,
      "usable": false,
      "armor_value": 2,
      "equip_slot": "accessory"
    },
    {
      "id": "iron_helm",
      "name": "Iron Helm",
      "glyph": "^",
      "description": "Heavy iron helmet, good protection",
      "value": 40,
      "weight": 3,
      "usable": false,
      "armor_value": 2,
      "equip_slot": "head"
    },
    {
      "id": "glass_helm",
      "name": "Glass Helm",
      "glyph": "^",
      "description": "Transparent crystalline headgear",
      "value": 65,
      "weight": 2,
      "usable": false,
      "armor_value": 3,
      "equip_slot": "head"
    },
    {
      "id": "leather_cap",
      "name": "Leather Cap",
      "glyph": "^",
      "description": "Simple leather head protection",
      "value": 15,
      "weight": 1,
      "usable": false,
      "armor_value": 1,
      "equip_slot": "head"
    },
    {
      "id": "chain_vest",
      "name": "Chain Vest",
      "glyph": "[",
      "description": "Interlocking metal rings for protection",
      "value": 70,
      "weight": 5,
      "usable": false,
      "armor_value": 4,
      "equip_slot": "jacket"
    },
    {
      "id": "leather_jacket",
      "name": "Leather Jacket",
      "glyph": "[",
      "description": "Tough leather body armor",
      "value": 30,
      "weight": 2,
      "usable": false,
      "armor_value": 2,
      "equip_slot": "jacket"
    },
    {
      "id": "glass_plate",
      "name": "Glass Plate",
      "glyph": "[",
      "description": "Heavy crystalline armor, maximum protection",
      "value": 120,
      "weight": 8,
      "usable": false,
      "armor_value": 6,
      "equip_slot": "jacket"
    },
    {
      "id": "iron_boots",
      "name": "Iron Boots",
      "glyph": "]",
      "description": "Heavy metal footwear",
      "value": 35,
      "weight": 3,
      "usable": false,
      "armor_value": 2,
      "equip_slot": "boots"
    },
    {
      "id": "leather_boots",
      "name": "Leather Boots",
      "glyph": "]",
      "description": "Comfortable walking boots",
      "value": 20,
      "weight": 1,
      "usable": false,
      "armor_value": 1,
      "equip_slot": "boots"
    },
    {
      "id": "iron_gauntlets",
      "name": "Iron Gauntlets",
      "glyph": "]",
      "description": "Metal hand protection",
      "value": 40,
      "weight": 2,
      "usable": false,
      "armor_value": 2,
      "equip_slot": "gloves"
    },
    {
      "id": "glass_gauntlets",
      "name": "Glass Gauntlets",
      "glyph": "]",
      "description": "Crystalline hand armor",
      "value": 55,
      "weight": 2,
      "usable": false,
      "armor_value": 3,
      "equip_slot": "gloves"
    },
    {
      "id": "storm_cloak",
      "name": "Storm Cloak",
      "glyph": "(",
      "description": "Flowing cloak that resists storm winds",
      "value": 80,
      "weight": 1,
      "usable": false,
      "armor_value": 1,
      "equip_slot": "accessory"
    },
    {
      "id": "refraction_ring",
      "name": "Refraction Ring",
      "glyph": "o",
      "description": "Ring that bends light around the wearer",
      "value": 90,
      "weight": 0,
      "usable": false,
      "equip_slot": "accessory"
    },
    {
      "id": "travelers_pack",
      "name": "Traveler's Pack",
      "glyph": "∩",
      "description": "Large backpack for extended journeys",
      "value": 50,
      "weight": 2,
      "usable": false,
      "equip_slot": "backpack"
    },
    {
      "id": "crystal_pendant",
      "name": "Crystal Pendant",
      "glyph": "☼",
      "description": "Glowing crystal on a chain",
      "value": 45,
      "weight": 0,
      "usable": false,
      "armor_value": 1,
      "equip_slot": "necklace",
      "light_source": {"radius": 4, "intensity": 80}
    },
    {
      "id": "salt_knife",
      "name": "Salt Knife",
      "glyph": "/",
      "description": "Crystallized blade that never dulls",
      "value": 25,
      "weight": 1,
      "usable": false,
      "equip_slot": "weapon"
    },
    {
      "id": "glass_shard",
      "name": "Glass Shard",
      "glyph": "▲",
      "description": "Jagged storm glass, cuts both ways",
      "value": 15,
      "weight": 1,
      "usable": false,
      "equip_slot": "weapon"
    },
    {
      "id": "rusty_blade",
      "name": "Rusty Blade",
      "glyph": "/",
      "description": "Old corroded sword, still sharp",
      "value": 20,
      "weight": 2,
      "usable": false,
      "equip_slot": "weapon"
    },
    {
      "id": "brine_pistol",
      "name": "Brine Pistol",
      "glyph": "┘",
      "description": "Fires pressurized salt water",
      "value": 60,
      "weight": 2,
      "usable": false,
      "equip_slot": "ranged_weapon"
    },
    {
      "id": "storm_bow",
      "name": "Storm Bow",
      "glyph": ")",
      "description": "Launches glass-tipped arrows",
      "value": 50,
      "weight": 2,
      "usable": false,
      "equip_slot": "ranged_weapon"
    }
  ]
}
